"","Day's High Price","Day's Close Price","Price Sold at based on Daily Trade Strategy","Total Capital value using Daily Trade Strategy","Total Capital value using Hold Strategy","NA"
"784",45,38.23,7.01546033330465,44.57299894,1060,909.155788564941
"783",36.66,34.029999,0.355874633339026,34.029999,987.456882766408,809.274668472644
"782",33.59,31,3.00520996610825,31,938.704766239003,737.217615629432
"781",32.5,32,3.60216437353635,32,957.556632518057,760.998829036833
"780",33.209999,33.029999,0.789068261333273,33.029999,959.881446271118,785.493455065243
"779",32.950001,31.91,0.151972635138441,31.91,930.997419103846,758.858519830167
"778",31.690001,28.84,0.667093392630247,28.84,852.921396663117,685.850194669446
"777",29.549999,28.190001,2.96166540203256,28.190001,837.764954253997,670.392429735849
"776",29.67,29.6,3.92294584668813,29.6,868.57595497353,703.923916859071
"775",29.15,27.719999,0.899968878503592,27.719999,833.399980501567,659.215211871943
"774",27.65,26.9,1.65440802741146,26.9,824.208038650151,639.714640659088
"773",27.76,25.870001,3.97003355917478,25.870001,798.58659121726,615.220014630678
"772",27.17,26.809999,4.21940928270043,26.809999,821.254534405376,637.574307671208
"771",27.35,26.309999,1.2962962962963,26.309999,800.266888109293,625.683700967508
"770",27.76,27.1,4.55744273286037,27.1,816.844952339239,644.470883340568
"769",28.07,27.01,3.27446651949963,27.01,811.735914741827,642.330574133902
"768",27.77,27.4,1.05531295487627,27.4,809.37278253006,651.605247362788
"767",28.1,27.27,1.59074475777296,27.27,797.960801865319,648.513689619826
"766",28.32,28.290001,2.42314647377939,28.290001,816.430809502014,672.770551076589
"765",30.1,30.01,5.57699052963872,30.01,859.385780187844,713.674214356105
"764",32.080002,31.41,7.07611171816127,31.75759894,910.948926999115,746.967913126466
"763",32.18,31.91,2.02916607390088,31.91,921.635362679341,758.858519830167
"762",31.93,31.6,0.0313283208019988,31.6,912.395910421904,751.486343673873
"761",32.5,31.84,2.62077676034101,31.84,917.293520297866,757.193834891649
"760",33.450001,33.049999,3.20888923171862,33.049999,935.407279498641,785.969079333391
"759",33.02,32.060001,0.486911123344151,32.060001,912.634126704187,762.425725622491
"758",33.439999,33.099998,2.29427966638971,33.099998,924.080412747652,787.158116222547
"757",32.900002,32.23,1.35552376326322,32.23,917.53273630282,766.468508120535
"756",32.189999,31.360001,0.719649584469638,31.360001,900.307522787757,745.77887623731
"755",31.99,31.1,0.219298245614025,31.1,877.179322014387,739.595736970172
"754",31.73,30.77,1.536,30.77,863.705847628246,731.74793654573
"753",31.440001,31.200001,1.71465868650923,31.200001,871.809230336691,741.973882092126
"752",31.629999,31.469999,0.989779693486583,31.469999,875.984534064063,748.394762149697
"751",31.9,31.73,1.46310109850186,31.73,884.064515960184,754.577901416835
"750",32.880001,32.169998,2.42991603924711,32.169998,885.992382626008,765.041587753664
"749",32.48,31.469999,0.15417823003391,31.469999,859.765013729512,748.394762149697
"748",31.559999,30.969999,0.254126429479026,30.969999,845.836137720393,736.504155445997
"747",31.4,30.809999,2.28012696155938,30.809999,848.866765747961,732.699161300812
"746",31.07,30.719999,0.0966462597729946,30.719999,840.115507564275,730.558852094146
"745",30.5,28.25,0,28.25,778.139773399697,671.819278759079
"744",28.59,28.09,0.386235955056178,28.09,767.484067233058,668.014284613895
"743",29.290001,29.110001,3.46168150694743,29.110001,789.172121293201,692.271146070657
"742",29.5,29,0.306018361101666,29,778.170401819205,689.65518881463
"741",29.469999,28.76,1.62068620689654,28.76,771.730370907598,683.947697596854
"740",29,28.75,3.1294415672318,28.75,789.020176905166,683.70988546278
"739",29.450001,28.450001,2.18598542678695,28.450001,778.890521234287,676.575545221773
"738",29.49,29.34,3.87460739255397,29.34,804.95416336626,697.740801373146
"737",28.23,26.85,1.72972972972973,26.85,778.847541851679,638.525579988718
"736",24.540001,23.709999,5.82147452257547,23.709999,796.311929372309,563.852546108265
"735",24.040001,23.15,0.166670833333334,23.15,768.109215207039,550.535090381334
"734",23.370001,21.709999,0,21.709999,713.549404385374,516.290119293463
"733",21.58,20.879999,0.372093023255806,20.879999,692.972597675219,496.55171216532
"732",20.84,20.040001,0.337024554646126,20.040001,668.616829580356,476.57554046553
"731",22.16,21.09,8.84085909426036,21.58160106,708.733839355177,501.545790762088
"730",22.15,21.92,3.55306701977873,21.92,726.294833331478,521.284197890231
"729",22.450001,20.719999,1.12612607539973,20.719999,677.875114525148,492.746718020136
"728",21.15,20.719999,2.12458242996535,20.719999,678.20243231716,492.746718020136
"727",21.17,21.01,2.02409638554218,21.01,686.70039050523,499.643293689496
"726",21.82,21.809999,1.91499299392807,21.809999,699.529884643563,518.668240634203
"725",22.450001,21.6,1.35440632054177,21.6,682.160068094851,513.674209599862
"724",21.6,20.379999,0.88743577767399,20.379999,649.342433704484,484.66110546162
"723",21.41,21.200001,3.73062518074735,21.200001,666.960315447568,504.161748018115
"722",20.48,19.870001,0.19568981430088,19.870001,648.361129478589,472.532734186272
"721",20.08,19.049999,0.349825087456255,19.049999,617.255315752424,453.032091629776
"720",20.129999,20.01,5.66929163618328,20.01,648.361129478589,475.862080282095
"719",19.98,19.16,2.04290091930542,19.16,634.453485230326,455.648048885804
"718",19.530001,19.440001,0.878099128197368,19.440001,637.075193711561,462.30681242109
"717",19.73,19.440001,1.17948717948718,19.440001,635.114995016817,462.30681242109
"716",19.68,19.41,0.819672131147542,19.41,631.535965844079,461.593352237654
"715",19.530001,19.15,0.205238583889193,19.15,620.518919749313,455.41023675173
"714",19.379999,19.34,1.46596335078532,19.34,628.316016123127,459.928667299136
"713",19.379999,19.1,0.310553830227731,19.1,621.161278879489,454.22117608136
"712",19.450001,19.09,0.934099636741052,19.09,615.359045864527,453.983363947286
"711",18.700001,18.059999,0.107071734475378,18.059999,594.934890415113,429.488690356449
"710",18.27,17.73,1.05088495575222,17.73,583.417898620573,421.64091371322
"709",18.75,18.58,2.62725779967159,18.58,593.317162362903,441.854945109511
"708",19.26,18.959999,2.77481323372467,18.959999,600.282433569023,450.89178242311
"707",19.42,18.98,1.67539267015707,18.98,596.511025609427,451.367430472472
"706",19.200001,18.809999,0.734533092053167,18.809999,588.686903666799,447.324600412
"705",19.58,19.43,3.48837209302324,19.43,604.555313860777,462.068976505802
"704",21.16,20.93,1.92678227360308,20.93,609.505911324955,497.740796616904
"703",21.48,20.709999,2.48092091989127,20.709999,602.236040852574,492.508905886062
"702",22.08,22,4.49598222886807,22,627.032348593894,523.186694962823
"701",22.75,21.52,0.352889280988082,21.52,595.22435561273,511.77171252727
"700",21.98,21.870001,1.75925925925925,21.870001,602.664687614573,520.095161001074
"699",23.370001,23.290001,6.27558435652571,23.3094,638.824568871447,553.864484039583
"698",23.24,22.59,0.955690703735877,22.59,626.891703336489,537.217610873189
"697",23.24,22.860001,1.17545063889642,22.860001,623.889664303592,543.638562274401
"696",21.98,20.790001,0.918269012017025,20.790001,595.531044500932,494.411450521081
"695",21.209999,20.280001,0.0471603751339422,20.280001,569.687245675599,482.283031683306
"694",20.780001,20.620001,3.12655583126553,20.620001,582.975264293702,490.368644241823
"693",21,20.32,0.0476417341591308,20.32,564.36671607661,483.234256438389
"692",21.950001,21.66,6.70880408361692,21.8042,598.228719041206,515.101082404306
"691",22.59,21.99,2.30978260869566,21.99,595.790286762506,522.948882828749
"690",22.49,22.27,1.85688405797102,22.27,600.917105353306,529.607622582821
"689",22.49,21.83,0.852022459731943,21.83,588.252062695728,519.143888683564
"688",22.4,21.950001,0.358422939068093,21.950001,578.500598764484,521.997658073666
"687",21.629999,20.91,0.651461144718472,20.91,562.887274088663,497.265172348756
"686",20.75,20.4,1.71568627450981,20.4,562.887274088663,485.136753510981
"685",20.549999,20.23,0.784698420044063,20.23,558.470334148308,481.093947231723
"684",19.940001,19.639999,0.0501806322127576,19.639999,550.3440443654,467.063007540143
"683",19.959999,19.75,0.402414507163717,19.75,546.745242603717,469.67896479617
"682",19.799999,19.52,0.253159493670884,19.52,540.378082816433,464.209285712468
"681",19.879999,19.52,1.0162550813008,19.52,535.984765069958,464.209285712468
"680",19.690001,19.48,0.0508180894309075,19.48,530.537765424938,463.258037176172
"679",20.48,19.879999,5.02564102564103,19.879999,540.876422877436,472.770498757919
"678",19.790001,18.98,0.456852768687676,18.98,521.108324117026,451.367430472472
"677",19.059999,19,0.315784210526304,19,521.108324117026,451.84305474062
"676",19.43,19.32,1.19791139594211,19.32,524.365223832069,459.453043030988
"675",19.799999,19.5,2.85713766233766,19.5,531.175161803914,463.73366144432
"674",24.25,23.23,0.497310422598866,23.23,511.363428100636,552.437587453926
"673",23.309999,22.559999,0.08586517450127,22.559999,495.335248228925,536.504150689754
"672",22.879999,21.940001,2.14285267857143,21.940001,485.163207208834,521.759845939592
"671",21.5,21.110001,3.26609029779058,21.110001,491.921027345902,502.021438811449
"670",21.440001,21.209999,1.70778462998104,21.209999,494.954672584704,504.399512589762
"669",21.690001,21.18,2.02258231420508,21.18,493.092190279588,503.686099968754
"668",21.48,21.25,1.80094786729857,21.25,496.597584997215,505.350784907272
"667",21.370001,21.17,0.612057438794744,21.17,494.96096395438,503.44828783468
"666",20.950001,20.469999,0.479621103117501,20.469999,485.940068929746,486.801414668286
"665",20.73,19.99,1.0233918128655,19.99,473.388985278052,475.386456013947
"664",20,19.209999,0.200405821663619,19.209999,455.601322114414,456.83708577496
"663",20.17,20.07,5.32637075718017,20.07,477.48921852931,477.288953086539
"662",20.110001,19.860001,2.54971940083022,19.860001,483.576536150168,472.294922052198
"661",22.5,22.360001,11.9402985074627,21.306,512.591128319178,531.7479555707
"660",22.5,22.17,0.71620411817368,22.17,508.690479625612,527.229501242081
"659",23.93,23.559999,7.55056179775281,23.585,539.211908403149,560.285364097155
"658",24.120001,22.92,0.667788007837572,22.92,515.807072471087,545.065411297632
"657",23.9,23.1,5.1473823141223,23.1,524.203404051127,549.346029710964
"656",24.530001,24.32,5.64169705605932,24.32,549.03649162618,578.359110067993
"655",24.68,24,0.406834825061031,24,536.081196054854,570.749121777625
"654",26.09,25.940001,4.61106236523406,25.940001,557.57603064026,616.884699569196
"653",26.5,26.15,1.76650914875157,26.15,559.931361033465,621.878730603537
"652",26.49,26.360001,2.12027362682059,26.360001,568.997327208025,626.872809200305
"651",27.52,27.32,3.84905660377358,27.32,586.604036955594,649.702750290196
"650",28,28,2.71460014673514,28,602.527991003545,665.873975407229
"649",28.879999,27.040001,3.14285357142856,27.040001,581.869909973709,643.044034317337
"648",27.76,27.459999,2.58684784134694,27.459999,590.471091518079,653.032096386019
"647",27.9,27.709999,0.540540540540535,27.709999,589.619940738555,658.977399737869
"646",27.75,26.969999,0.252890173410406,26.969999,574.495997546925,641.379301816392
"645",27.780001,27.49,2.62283339490211,27.49,583.409492891206,653.745556569454
"644",28.17,27.84,3.68052999631947,27.84,597.796109020655,662.068981262045
"643",28.24,27.98,0.605628785179901,27.98,595.879413266759,665.398351139081
"642",28.139999,27.58,0.499996428571427,27.58,586.941222067757,655.88586577612
"641",28.75,28.24,4.20442189198985,28.24,600.769123276313,671.581466625005
"640",28.33,26.809999,0.53229240596167,26.809999,571.562086382854,637.574307671208
"639",27,26.75,0.859170713485246,26.75,571.135069508455,636.147458647978
"638",27.91,27.709999,3.523742712305,27.709999,587.023471512155,658.977399737869
"637",28.219999,27.41,1.40136183974128,27.41,578.164331805539,651.843059496862
"636",27.6,27.360001,0.400145507457268,27.360001,575.430218128915,650.654022607706
"635",27.01,26.26,1.31282820705177,26.26,566.796606454063,624.494664078351
"634",26.959999,26.93,1.73584528301887,26.93,575.99368346445,640.42807706131
"633",27.18,26.51,0.554935236591362,26.51,564.912762994073,630.439967430201
"632",26.799999,26.049999,0.941619621153281,26.049999,554.27410415657,619.500585481583
"631",26.110001,25.91,2.47253139717425,25.91,563.628023496732,616.171239385761
"630",26.99,26.620001,3.01526324369224,26.620001,572.663281543807,633.055924686229
"629",28.18,28,2.69678926032108,28,584.350265994036,665.873975407229
"628",28.469999,27.77,2.11621241449829,27.77,582.044744214459,660.404296323527
"627",28.93,28.76,3.28454123527311,28.76,597.629662392283,683.947697596854
"626",29.790001,29.42,3.83408839895125,29.42,612.835972629662,699.643298445738
"625",29.6,29.059999,0.304981362250084,29.059999,603.490774374178,691.082037837861
"624",30.6,30.59,3.13447927199191,30.59,622.203666602834,727.467318132398
"623",31.450001,31.299999,2.77778104575163,31.299999,636.43706347925,744.351955870439
"622",31.959999,31.719999,2.17390658011807,31.719999,645.389462011998,754.340065501547
"621",32.209999,30.950001,0.405227530846151,30.950001,622.655961638057,736.028578740275
"620",31.709999,30.1,3.4921672158018,30.1,611.6822799278,715.814523562771
"619",30.35,29.85,0.463426033215035,29.85,604.393136717576,709.869220210921
"618",30.42,30.139999,1.13031914893618,30.139999,605.598688041044,716.765748317854
"617",30.440001,29.66,0.428907965321954,29.66,592.611602768359,705.350789663515
"616",30.889999,30.73,3.8319294117647,30.73,612.13292615367,730.796688009434
"615",31.5,30.82,1.28617363344051,30.82,606.621761545212,732.9369972161
"614",31.49,31.08,0.703549728173965,31.08,602.935860211871,739.120112702024
"613",31.93,31.540001,1.65552371856097,31.540001,605.431315950916,750.059494650642
"612",32.509998,32.470001,1.97615752748298,32.470001,616.636011637188,772.176023119525
"611",32.07,30.790001,0.218750000000001,30.790001,593.319481717032,732.223584595091
"610",31.49,31.24,1.64622336991607,31.24,598.298922170436,742.925106847208
"609",31.469999,30.98,7.95883018867924,30.899,634.196857500662,736.741991361284
"608",31.02,29.73,0.0322476620444954,29.73,608.019109109793,707.015474602033
"607",29.200001,28.110001,0.48176877087987,28.110001,588.142407200199,668.489932663256
"606",28.959999,28.639999,2.47699575371549,28.639999,596.050883017385,681.093928206752
"605",29.290001,29.049999,1.91371259568546,29.049999,602.480081962566,690.844225703787
"604",29.15,28.65,0.1374063848366,28.65,592.95959310436,681.33176412204
"603",29.17,28.549999,0.969196987511153,28.549999,585.981182975115,678.953619000086
"602",28.68,28.26,0.244666192077376,28.26,578.812570851597,672.057090893153
"601",28.16,27.370001,1.77087097940007,27.370001,572.537066968586,650.89183474178
"600",28.32,27.91,3.50876814660935,27.91,584.046379935923,663.733666200563
"599",28.629999,28.5,2.17701284796573,28.5,594.051457108273,677.764582110929
"598",28.75,28.32,0.806451612903227,28.32,589.885598362773,673.483963697597
"597",29.08,28.93,3.01098122564647,28.93,604.512588049416,687.990503876112
"596",29.049999,28.459999,0.449512448132773,28.459999,594.897221693423,676.81330979342
"595",28.549999,27.280001,0.954731225080217,27.280001,573.861252787573,648.751525535114
"594",27.629999,27.129999,0.036198405640883,27.129999,563.680472504892,645.184295961577
"593",27.639999,27.27,1.76730117820324,27.27,565.963419926672,648.513689619826
"592",27.459999,27.389999,0.365489752723325,27.389999,566.583952457755,651.367411447501
"591",27.34,26.870001,0,26.870001,556.843868658516,639.001228038079
"590",27.299999,27.25,1.71385618479881,27.25,565.350052941302,648.038065351678
"589",28.120001,27.780001,3.95564524789817,27.780001,580.607231669747,660.642132238814
"588",28.059999,27.719999,1.08068804034581,27.719999,579.770600910597,659.215211871943
"587",28.18,27.52,1.07604379756255,27.52,572.284343950644,654.458992971676
"586",28.129999,27.450001,0.106758007117425,27.450001,559.046470239485,652.794331814372
"585",28.68,28.58,4.02611534276387,28.58,579.526591202194,679.667079183522
"584",28.469999,27.959999,0.140692930003511,27.959999,569.945934241532,664.922703089719
"583",28.639999,28.139999,2.24919314530524,28.139999,572.591146719413,669.203321503052
"582",28.32,27.83,0.782918149466188,27.83,567.089381252714,661.831169127971
"581",27.65,27.08,0.108613319746066,27.08,556.002168295487,643.99525907242
"580",27.43,27.040001,1.21771217712176,27.040001,554.771187701554,643.044034317337
"579",27.059999,26.65,0.110980388051023,26.65,546.971942481483,633.769337307237
"578",26.790001,26.49,1.59271893846344,26.49,549.46098622956,629.964343162053
"577",26.9,26.549999,1.39464374690373,26.549999,549.875163402136,631.391192185284
"576",26.690001,25.860001,0.0374850074962616,25.860001,532.974972843118,614.982202496604
"575",26.110001,25.74,1.75370615744349,25.74,534.636625135692,612.128433106503
"574",26.01,25.73,0.813957395889829,25.73,533.186081315017,611.890620972429
"573",25.799999,25.129999,0.194170873786407,25.129999,520.348182146031,597.621869146775
"572",25.48,25.209999,1.59489633173845,25.209999,523.045340971023,599.524366219367
"571",26.280001,26.09,5.12000400000001,26.09,545.85011783736,620.451857799093
"570",26.17,25.58,0.306630893062483,25.58,535.179992881551,608.323438961318
"569",25.889999,25.530001,1.01443624714929,25.530001,533.091934706903,607.134402072162
"568",26.120001,25.42,1.35817229336439,25.42,525.851648438086,604.518444816134
"567",26.389999,26.25,2.16801780874952,26.25,534.402081746022,624.256851944277
"566",27.23,27.07,2.29150630009367,27.07,543.435905688539,643.757446938346
"565",27.799999,27.389999,3.49962012287341,27.389999,554.158911363153,651.367411447501
"564",27.200001,26.85,0.0367782259367994,26.85,547.229357222188,638.525579988718
"563",26.889999,26.59,1.16628668171558,26.59,547.435237341534,632.342464502794
"562",27.84,27.57,3.07293594964827,27.57,558.785245964683,655.648053642047
"561",28.1,28.02,2.25618631732169,28.02,569.765742064426,666.349599675377
"560",28,27.4,0,27.4,557.556476163045,651.605247362788
"559",27.48,26.52,1.17820324005891,26.52,544.418179228423,630.677779564275
"558",27.110001,26.92,1.11899295483003,26.92,546.651918369305,640.190264927236
"557",27.200001,26.629999,2.06379362101314,26.629999,546.241652514922,633.293689257876
"556",26.82,25.690001,0,25.690001,523.227017127144,610.939396217346
"555",25.959999,25.73,1.32708035413425,25.73,525.473482638873,611.890620972429
"554",26.360001,25.969999,2.13096482491147,25.969999,528.730970452887,617.598088408991
"553",26.33,25.98,0.41953090844893,25.98,523.891347683347,617.835924324279
"552",26.4,26.110001,1.81257231006556,26.110001,527.528099186407,620.927505848454
"551",26.4,26.139999,1.26582278481012,26.139999,528.944533379539,621.64089468825
"550",27.620001,26.85,3.83459022556391,26.85,533.915816587993,638.525579988718
"549",27.41,26.98,0.920471281296024,26.98,530.377346522241,641.61713773168
"548",27.85,27.77,2.65389246789137,27.77,542.889032650633,660.404296323527
"547",27.92,27.43,0.251346499102335,27.43,534.701837185165,652.31868376501
"546",29.02,28.969999,3.60585505176722,28.969999,553.027907481342,688.941728631194
"545",29.07,28.309999,0.103302338040553,28.309999,539.125997542799,673.24612778231
"544",28.459999,27.57,0.458873985174732,27.57,524.663033965936,655.648053642047
"543",27.85,26.889999,1.08893288889049,26.889999,512.093973530852,639.4768047438
"542",27.299999,27.120001,1.56250005812873,27.120001,516.666279423994,644.946531389929
"541",27.549999,27.040001,1.73559453471197,27.040001,515.903128223452,643.044034317337
"540",27.299999,26.68,0.5895357623263,26.68,507.159026092878,634.48277370946
"539",27.33,26.82,2.74436090225563,26.82,511.353574428985,637.812143586496
"538",27.280001,27.07,1.45036078283232,27.07,514.776562832621,643.757446938346
"537",26.99,26.6,0.260029717682009,26.6,508.657376350213,632.580276636868
"536",26.549999,26.129999,0.264346676737157,26.129999,501.934166743719,621.403082554176
"535",26.6,26.25,0.757575757575768,26.25,499.082268069039,624.256851944277
"534",26.190001,25.76,0.0382009167303384,25.76,491.075600666862,612.604057374651
"533",26.08,25.66,0.811747166148143,25.66,487.089270429934,610.225936033911
"532",25.85,25.16,0.77972709551658,25.16,477.784251228739,598.33532933021
"531",25.530001,25.059999,2.94355657030471,25.059999,482.793279871017,595.957184208256
"530",24.969999,24.309999,0,24.309999,470.03222350434,578.121274152706
"529",24.540001,24.1,0,24.1,461.604569064793,573.127243118365
"528",23.809999,23.32,0.0840605261008502,23.32,452.484997818663,554.577896660592
"527",24.780001,24.549999,2.69375062966229,24.549999,460.36082487874,583.828765370482
"526",24.950001,24.35,1.29923675595765,24.35,455.127346363161,579.072546470215
"525",24.32,23.85,0.206015657189949,23.85,447.251224176407,567.181939766515
"524",23.93,23.52,0.167438265694361,23.52,440.324371408684,559.334139342072
"523",23.709999,22.9,1.54175160599571,22.9,431.838462751986,544.589787029484
"522",23.09,22.969999,0.434971726837762,22.969999,431.462768924517,546.254448186788
"521",23.4,23.290001,1.60659567491984,23.290001,436.333820381283,553.864484039583
"520",24.6,24.33,2.24439327699059,24.33,441.230352913839,578.596922202067
"519",24.35,24.030001,1.33166453051749,24.030001,441.230352913839,571.46258196106
"518",24.26,23.77,0.413907284768218,23.77,434.107843077896,565.279442693923
"517",23.83,23.73,0.463747911625125,23.73,434.290874811524,564.328194157627
"516",23.889999,23.629999,1.40067917659929,23.629999,435.581212779569,561.950049035673
"515",24.25,24.02,1.4219991635299,24.02,437.585141403816,571.224746045773
"514",24.690001,24.209999,2.49066417600665,24.209999,439.764874877594,575.743152811966
"513",25.190001,24.309999,4.09090892186328,24.309999,441.763769700234,578.121274152706
"512",24.75,23.9,1.93574538979631,23.9,434.84982129266,568.371000436885
"511",24.700001,24.530001,0.447340382269217,24.530001,433.788798339112,583.353188664761
"510",24.110001,23.940001,0.668058427220943,23.940001,433.607675675134,569.322272754394
"509",24.43,24.25,1.20132979292998,24.25,435.583536483245,576.694425129475
"508",24.65,24.16,0.571195430436544,24.16,429.36345334293,574.554115922809
"507",24.84,24.66,2.47524752475248,24.66,436.802919118674,586.444722626509
"506",24.98,24.879999,1.21555915721232,24.879999,440.342633341559,591.676565794924
"505",25.059999,24.809999,0.36043253345745,24.809999,437.521054480677,590.011880856406
"504",24.77,24.41,0.283396749660048,24.41,432.384150100776,580.499419274659
"503",24.709999,24.52,2.02312147081427,24.52,437.739876061557,583.115352749473
"502",24.66,24.370001,0.0405679513184648,24.370001,432.767595024747,579.548194519577
"501",25.040001,24.709999,2.32939118632576,24.709999,437.012148643484,587.633759515666
"500",25.49,25.48,1.67530913442361,25.48,444.159136315755,605.945317620578
"499",25.83,25.799999,0.977326035965598,25.799999,447.979095886917,613.555282129733
"498",26,25.809999,0.154087062946344,25.809999,445.39061873085,613.793094263807
"497",25.93,25.91,0.738150738150743,25.91,448.332204013843,616.171239385761
"496",26.43,26.280001,1.92826841496336,26.280001,454.383755102815,624.970312127713
"495",26.75,26.32,1.36415692929735,26.32,453.178510325298,625.921536882795
"494",26.780001,26.65,1.55479705897622,26.65,457.990399779248,633.769337307237
"493",26.77,26.18,0.0747663551401853,26.18,448.231352008251,622.592167005759
"492",26.110001,25.879999,1.12316421378776,25.879999,449.272925706514,615.457779202325
"491",26.129999,26.049999,0.538664871104269,26.049999,450.310091011226,619.500585481583
"490",26.299999,26.129999,0.766279693486583,26.129999,450.827671563726,621.403082554176
"489",26.530001,26.51,0.797876139817636,26.51,454.082126639604,630.439967430201
"488",34.880001,34.360001,3.99522945750656,34.360001,465.183716763125,817.122516459513
"487",34.73,34.009998,2.84275984601716,34.009998,468.489703190596,808.799020423282
"486",35.630001,35.43,4.57881127091283,35.43,487.19078908256,842.568391024219
"485",37.959999,37.630001,6.47965461544713,37.78900212,516.422236427514,894.887084301714
"484",38.310001,36.799999,0.922028475290538,36.799999,500.641156078805,875.148629611145
"483",38.290001,37.490002,2.65416092906599,37.490002,503.191379245793,891.557738205892
"482",38.490002,38.049999,2.20393520977166,38.049999,508.402322812295,904.875146370396
"481",39.32,39.189999,2.31589903721051,39.189999,518.456583986769,931.985729654833
"480",39.25,38.549999,0.357962148863141,38.549999,511.032991132712,916.765753074096
"479",38.939999,38.869999,0.854695652559025,38.869999,514.474264175635,924.375741364465
"478",39.189999,38.540001,0.153329921969591,38.540001,506.717049554975,916.527988502449
"477",38.740002,38.5,0.388706918890906,38.5,505.535278773427,915.57671618494
"476",38.5,38.220001,0.7853376757765,38.220001,505.799956922924,908.918000212081
"475",38.32,37.02,0.209199779853558,37.02,489.663008001063,880.380520341986
"474",37.549999,36.650002,1.9549197960945,36.650002,487.269868260256,871.581518943675
"473",37.07,36.560001,1.9526924655475,36.560001,489.950120487203,869.441185955795
"472",37.490002,37.080002,1.40654851483504,37.080002,491.407924158988,881.807440708857
"471",38.279999,37.810001,2.27090301896873,37.810001,496.396850223331,899.167702715047
"470",38.580002,38.41,0.599749705332451,38.41,497.173507468713,913.436406978274
"469",38.849998,38.32,1.22458829534684,38.32,496.396256117896,911.296097771608
"468",38.75,38.549999,0.990359681792017,38.549999,498.724932907833,916.765753074096
"467",40.630001,40.549999,4.17948974358974,40.549999,518.546039248403,964.328179888898
"466",41.939999,41.34,2.54277982675893,41.34,524.124504016625,983.115362261959
"465",41.200001,39.639999,1.27827187807276,39.639999,510.725044618842,942.687275688163
"464",40.849998,40.549999,2.22722478046109,40.549999,518.265779950821,964.328179888898
"463",41.779999,41.279999,2.17657134205359,41.279999,523.208887290608,981.688465676301
"462",42.259998,41.290001,0.571151832460716,41.290001,514.119359339317,981.926325372802
"461",42.16,41.869999,0.764818355640519,41.869999,514.487979479394,995.719381586668
"460",42.169998,41.779999,0.380861717727298,41.779999,511.671228076733,993.579072380002
"459",42.77,42.66,2.34505617743345,42.66,522.323380412301,1014.50656395973
"458",44.610001,43.950001,3.52750290090508,43.950001,532.748041110327,1045.18435303649
"457",44.790001,44.040001,0.969341727472007,44.040001,528.904953434218,1047.32466224315
"456",44.259998,43.599998,0.0451989129656728,43.599998,521.253478060918,1036.86085700026
"455",45.09,45.040001,3.91795584046915,45.040001,541.075310306351,1071.10587565056
"454",45.619999,44.75,0.197671869046172,44.75,531.805856973755,1064.2092999812
"453",45.080002,44.310001,0.0888121649908414,44.310001,523.186446072968,1053.74558986315
"452",44.939999,42.509998,0.200671134924021,42.509998,495.889760712787,1010.93933438619
"451",45.439999,45.07,6.91764470588235,45.05,525.643146355554,1071.81928827156
"450",45.470001,45.23,1.40499776984835,45.23,530.214975683803,1075.62428241675
"449",46.049999,45.98,1.18655465552867,45.98,535.690741668265,1093.4601924723
"448",47.599998,47.490002,2.76338082901554,47.490002,549.221813324857,1129.3698722799
"447",47.549999,47.189999,0.571066001926107,47.189999,548.176340307837,1122.23543691404
"446",49.66,48.450001,2.37064944838794,48.450001,547.498357680638,1152.19981336979
"445",49.540001,49.459999,0.629699370302675,49.459999,550.056230416128,1176.21879134884
"444",50.599998,50.389999,1.1797640943717,50.389999,554.23583301508,1198.33531981772
"443",51.279999,51.240002,1.96857820702766,51.240002,564.705600068776,1218.54942255766
"442",51.599998,50.23,2.9118448925378,50.23,565.719243262343,1194.53034945375
"441",51.029999,50.419998,2.12126871880589,50.419998,570.813739104165,1199.04873243873
"440",51.099998,50.279999,1.93496305735162,50.279999,572.521716712985,1195.71938634291
"439",50.720001,49.18,0.495343758760773,49.18,557.888200318138,1169.56007537598
"438",51.16,51.040001,2.79284709664455,51.040001,572.124056703354,1213.79315609496
"437",51.290001,50.52,1.10388527498523,50.52,569.755713476315,1201.4269013419
"436",50.599998,47.139999,0,47.139999,530.796142788736,1121.04637624367
"435",47.84,46.77,0.970871655321416,46.77,523.96232744337,1112.24735106415
"434",49.68,49.049999,3.78107590936027,49.049999,536.878048339524,1166.46849385181
"433",49.869999,49.110001,1.4030073200488,49.110001,536.113897739571,1167.89541421868
"432",49.630001,49.509998,2.7323534934309,49.509998,549.430707005333,1177.407828238
"431",51,49.5,2.02039999918383,49.5,544.045187210914,1177.17006366635
"430",51.240002,51.139999,2.39808348525013,51.139999,556.004591804884,1216.17122987328
"429",52.220001,52.209999,2.15180364146721,52.209999,567.859932511509,1241.61712821919
"428",54.830002,54.220001,1.19970837947582,54.220001,568.279182514469,1289.4174147305
"427",54.810001,53.849998,0.237748719824433,53.849998,559.653124393668,1280.61829442612
"426",54.759998,52.68,0.791452207198512,52.68,542.656460661615,1252.79432230189
"425",52.25,51.900002,0.966183574879227,51.900002,544.229398911125,1234.24502340654
"424",52.84,52.450001,0.878195859522804,52.450001,544.95670049945,1247.3246669994
"423",53.240002,51.950001,0.112828130876277,51.950001,532.352409475426,1235.4340602957
"422",51.700001,50.23,0.310438488350042,50.23,518.821517445268,1194.53034945375
"421",50.790001,49.400002,0.118275182337881,49.400002,505.219475644378,1174.79198988804
"420",50.209999,49.009998,0.419997999999993,49.009998,495.21610981784,1165.5172215343
"419",52,50.209999,10.2629346904156,49.9896,524.92907640691,1194.05470140439
"418",52.09,49.75,2.43854876847784,49.75,513.573698690092,1183.1153670182
"417",49.75,48.220001,0.769700238397817,48.220001,501.610791290677,1146.73013428609
"416",50.18,50.110001,5.00104404684988,50.110001,525.961848236551,1191.67662762608
"415",50.450001,49.119999,0.378040206050156,49.119999,514.031963539226,1168.13317879033
"414",49.869999,47.560001,1.27944145899912,47.560001,496.493901441302,1131.03453343721
"413",48.650002,47.529999,1.75695666686976,47.529999,493.586156566096,1130.32104947256
"412",47.529999,46.200001,1.04166239282179,46.200001,484.77211824336,1098.69208320314
"411",47.369999,46.610001,2.97825869565217,46.610001,491.200628610764,1108.44238070018
"410",48.740002,48.709999,5.42937919100153,48.709999,517.550986987447,1158.38288129329
"409",49.57,48.990002,1.78644554853295,48.990002,520.632923346696,1165.041692391
"408",49.48,49.009998,0.753408659063136,49.009998,519.572755291854,1165.5172215343
"407",48.84,45.830002,0.763356699745065,45.830002,491.273363377302,1089.89305802362
"406",47,46.360001,1.59965852138602,46.360001,492.335378342322,1102.49707734833
"405",47.549999,46.43,2.01673027211477,46.43,490.434051190731,1104.16173850563
"404",47.459999,46.700001,1.00020638432829,46.700001,487.407314454705,1110.58268990684
"403",47.27,46.23,0.488943441986745,46.23,479.014448729306,1099.40549582415
"402",46.650002,44.82,0.625541401519807,44.82,463.102397086822,1065.87398491971
"401",46.169998,45.889999,3.38109717868339,45.889999,475.856886234032,1091.31985948442
"400",46.669998,46.490002,1.52272565754348,46.490002,481.239658722956,1105.5886588725
"399",47.209999,47.009998,0.983955080213896,47.009998,483.916051210413,1117.9547947195
"398",47.540001,47.060001,1.36460335332183,47.060001,485.566927137404,1119.14392673351
"397",47.200001,46.73,0.96256898395722,46.73,485.359197970714,1111.29610252785
"396",48.77,48.619999,4.97202120043095,48.619999,507.924326902739,1156.24257208662
"395",48.700001,48.34,1.14226163479702,48.34,509.928576170743,1149.58385611377
"394",49.389999,47.939999,0.837074316047364,47.939999,499.101172554039,1140.07134696959
"393",48.970001,48.84,1.82990434601788,48.84,506.885033635668,1161.47446281747
"392",50.77,50.25,4.37911398805746,50.25,523.663105753606,1195.0059737219
"391",50.77,49.380001,0.43521464758091,49.380001,511.542733873767,1174.31634183868
"390",52.07,51.830002,1.99804313414384,51.830002,519.358696163007,1232.58033846802
"389",53.5,53.32,3.56174990321332,53.32,536.04734183917,1268.01429888262
"388",54.5,53.810001,2.34741784037559,53.810001,541.684657284753,1279.66711723346
"387",55.18,54.860001,0.766986879729257,54.860001,542.673884690905,1304.63739131123
"386",55.889999,55.57,1.87750270000905,55.57,549.697178683493,1321.52202904928
"385",55.189999,55.049999,1.58291361741529,55.049999,556.981925692348,1309.15577429621
"384",55.150002,55.119999,0.400513380666304,55.119999,558.908486932101,1310.82045923473
"383",58.32,57.77,5.08108108108108,57.77,581.768347568783,1373.84069854556
"382",58.580002,57.959999,0.532009610434181,57.959999,578.673294033264,1378.35910531175
"381",58.380001,57.73,0.102882373113854,57.73,572.819088898154,1372.88945000926
"380",57.68,55.439999,0.347947112038975,55.439999,552.48938266692,1318.4304475251
"379",55.18,53.709999,0.455124704168942,53.709999,540.218536146931,1277.2889483303
"378",54.860001,54.650002,1.36733557589313,54.650002,545.508954663263,1299.64336027689
"377",55.220001,54.709999,0.711287590323274,54.709999,544.3150332936,1301.0701617377
"376",55.650002,54.560001,1.14504180298073,54.560001,539.76424501661,1297.50302728901
"375",57.259998,57.200001,5.21866979855456,57.200001,567.337678967102,1360.28543068455
"374",58.549999,57.919998,1.47313342334257,57.919998,569.500808693213,1377.40783299424
"373",58.41,58.23,1.40625352105046,58.23,575.729743778911,1384.78005671296
"372",58.959999,57.220001,0.528554116673339,57.220001,561.692334038778,1360.7610549527
"371",58.299999,57.939999,2.04795725454302,57.939999,569.656094921379,1377.8834810436
"370",58.25,55.91,0.587117941633575,55.91,549.982252927894,1329.60764160779
"369",57.779999,57.740002,2.3379384048519,57.740002,562.450884634643,1373.12730970576
"368",58.57,57.599998,1.01759227319766,57.599998,558.764571059912,1369.79784470387
"367",58.02,57.189999,1.32728261708987,57.189999,558.081494521739,1360.04757098805
"366",57.82,56.299999,0.907506124040248,56.299999,548.341852213513,1338.88229105546
"365",58.580002,58.509998,3.49824040629825,58.509998,566.845968374927,1391.43874890461
"364",59.310001,57.509998,0.781653382554066,57.509998,553.939024901073,1367.65753549721
"363",56.68,56.630001,0.549939693985093,56.630001,556.494023249615,1346.73013904233
"362",56.419998,54.450001,0.480847712169269,54.450001,539.645575122786,1294.8870938142
"361",54.939999,53.549999,0.383699981728492,53.549999,528.010597627985,1273.48395418511
"360",55.279999,55.139999,2.33246760459088,55.139999,538.957864220594,1311.29608350288
"359",54.950001,53.529999,0.622596582629611,53.529999,528.299091823319,1273.00832991696
"358",62.5,61.080002,0.611720872693511,61.080002,519.454444697697,1452.55656248648
"357",63.369999,62.57,4.79576310904972,62.57,537.49403120954,1487.99052290108
"356",63.77,61.48,1.17404571115415,61.48,524.276274203376,1462.06900028702
"355",63.139999,62.75,1.7566478929355,62.75,530.190761264345,1492.27114131441
"354",63.16,62.189999,0.669426182039319,62.189999,525.542905032723,1478.95363802506
"353",62.779999,62.16,2.14773840136249,62.16,531.528595970756,1478.24022540405
"352",64.57,64.32,3.69359242010597,64.32,549.027128518372,1529.60764636403
"351",64.489998,63.549999,0.295482101299429,63.549999,542.623201251101,1511.29608825912
"350",65,64.849998,1.96078431372549,64.849998,551.986094366863,1542.21164190753
"349",65.059998,64.449997,0.215650037450711,64.449997,547.989883271192,1532.69913276336
"348",67.330002,67.330002,4.90807416640698,67.330002,574.885633166549,1601.18914628274
"347",67.580002,67.089996,0.118521481481493,67.089996,571.393701179278,1595.48151237768
"346",67.540001,67.300003,0.896323546569354,67.300003,574.466636609101,1600.47573366173
"345",69.080002,68.059998,3.02758972285207,68.059998,583.120005806445,1618.54933694529
"344",70.110001,69.629997,3.51394934974387,69.629997,599.477963332479,1655.88581821369
"343",69.959999,68.589996,0.387425731455696,68.589996,590.015639647462,1631.15333248878
"342",71.440002,70.779999,3.92784998335322,70.779999,607.525568799576,1683.23426119463
"341",71,69.849998,0.0704763948052088,69.849998,598.106575897378,1661.11770894454
"340",71.220001,69.260002,1.46744403853983,69.260002,590.181813114431,1647.08688815902
"339",70.010002,68.940002,0.966261953634957,68.940002,586.777296273171,1639.47689986865
"338",69.879997,68.459999,0.590177046348404,68.459999,578.246329895461,1628.06184608946
"337",68.050003,67.410004,1.62784351296064,67.410004,582.132437176983,1603.09169091776
"336",68.900002,68.800003,0.349545566586335,68.800003,583.319415830121,1636.14755377283
"335",71.970001,71.57,3.27162998216012,71.57,599.055379435371,1702.02144356769
"334",71.889999,70.839996,0.0139148586775818,70.839996,590.38790281224,1684.66106265544
"333",71.18,69.800003,0.140683732676315,69.800003,579.756277827033,1659.92876718023
"332",72.150002,72.029999,1.94998595238035,72.029999,590.078364877208,1712.96077795388
"331",72.589996,70.099998,0.124132413793102,70.099998,570.544719968766,1667.06301229639
"330",71.349998,70.879997,2.13283277794399,70.879997,578.87499943998,1685.61233497295
"329",71.349998,68.830002,0.0841590674125473,68.830002,558.899800958115,1636.86096639384
"328",69.43,67.720001,1.37246609351632,67.720001,552.61638465493,1610.46379573041
"327",68.949997,68.739998,1.12935904957464,68.739998,557.155312055545,1634.72056206232
"326",69.599998,69.190002,1.22163463578724,69.190002,560.639558379213,1645.4222032205
"325",69.290001,68.239998,0.173489957307807,68.239998,553.101683514844,1622.82995535862
"324",68.230003,66.970001,0.323483301764932,66.970001,544.643717229868,1592.62788567486
"323",67.919998,67.239998,0.577519629461254,67.239998,542.304797861006,1599.04874195122
"322",67.360001,64.099998,0.25301234549746,64.099998,517.364718314503,1524.37573185198
"321",66.190002,64.889999,2.00339500698714,64.889999,517.364718314503,1543.16291422504
"320",64.949997,60.389999,0.324372886140646,60.389999,482.602035632564,1436.14745389173
"319",61.900002,60.970001,2.2971476548388,60.970001,486.270824122642,1449.94060523045
"318",61.950001,60.009998,0.994458754483203,60.009998,475.727277193644,1427.11056901571
"317",61.52,60.240002,1.21750742378263,60.240002,471.500700906554,1432.58034322427
"316",62.66,62.619999,3.63877114850763,62.619999,488.345582329033,1489.17955979024
"315",63.91,62.720001,1.10742131161875,62.720001,484.559973051455,1491.55772869341
"314",63.169998,59.490002,0.991205451498089,59.490002,460.85490370593,1414.74443316871
"313",60.200001,56.75,0.433770444340515,56.75,436.328265292623,1349.58386087001
"312",58,56.950001,3.75670469564563,56.950001,444.524047507961,1354.3401273327
"311",58.709999,58.189999,1.78571255201109,58.189999,448.454470873166,1383.82878439545
"310",62.459999,62.41,4.74592982146688,62.41,469.361781952583,1484.1855287559
"309",63.18,59.16,0.158525676647885,59.16,440.194073239167,1406.89658518185
"308",60.310001,58.529999,4.70486648280786,58.529999,447.301381269047,1391.91439695397
"307",60.450001,58.889999,0.599103012148439,58.889999,438.368745142832,1400.47563378063
"306",59.68,59.09,0.657782076947504,59.09,436.890010349131,1405.23190024333
"305",60.189999,59.720001,0.669004839120167,59.720001,436.378515112253,1420.2140884712
"304",60.580002,58.939999,2.15852111565803,58.939999,433.729336898263,1401.664694451
"303",61.240002,61.240002,2.99361424476312,61.240002,446.713520111366,1456.36155663167
"302",63.439999,63.029999,1.26096883444633,63.029999,449.423013999359,1498.92985728727
"301",63.48,61.360001,0.0472797470877842,61.360001,434.619324725049,1459.21527845934
"300",63.650002,60.869999,0.0786226439818462,60.869999,415.963501467318,1447.56243632729
"299",60.009998,57.709999,0.0666950130616014,57.709999,400.28769140283,1372.4138019599
"298",58.310001,56.139999,0.447893203236748,56.139999,387.117157315837,1335.07729691028
"297",58.279999,58.150002,3.90443751114279,58.150002,401.334702659123,1382.8776072028
"296",59.849998,59.779999,3.94233400686578,59.779999,416.668761554188,1421.64091371322
"295",62.279999,61.150002,3.06139169286778,61.150002,421.633221948968,1454.221247425
"294",61.889999,60.459999,0.962479624184001,60.459999,415.855539857372,1437.81213883025
"293",61.349998,61.220001,2.81548526279488,61.220001,426.657908819167,1455.8859085823
"292",61.150002,58.529999,0.278783207609058,58.529999,409.516021261527,1391.91439695397
"291",59.299999,57.389999,0.901818955249271,57.389999,399.90001787788,1364.80381366953
"290",58.82,56.759998,2.77826314869824,56.759998,396.615834613812,1349.82162544166
"289",57.650002,57.240002,1.40721904686787,57.240002,399.336710029898,1361.23670300206
"288",59.900002,59.830002,3.31149016902381,59.830002,412.078581575754,1422.83004572723
"287",60.889999,59.830002,2.06168119342943,59.830002,413.252805226861,1422.83004572723
"286",60.450001,59.23,1.54544265992681,59.23,411.170234583524,1408.56127012036
"285",59.380001,57.919998,0.202502538052742,57.919998,401.872763558602,1377.40783299424
"284",58.450001,58.02,0.240096034297788,58.02,399.874075489556,1379.78600189741
"283",59.560001,59.209999,2.88478498678157,59.209999,408.991950576171,1408.085622071
"282",60.189999,58.560001,1.15966218487395,58.560001,402.530572012311,1392.62788091862
"281",60.5,60.490002,3.31283976583265,60.490002,415.797040476243,1438.52564657612
"280",61.48,60.52,0.886119148114848,60.52,412.931363678267,1439.23903541591
"279",61.450001,61.349998,1.72157093196491,61.349998,419.356701469938,1458.97739498163
"278",63.509998,63.48,3.06718440550445,63.48,432.014992556421,1509.63142710182
"277",64.139999,63.509998,1.18315193537076,63.509998,432.832808740513,1510.34481594161
"276",64.300003,63.830002,0.720556077694236,63.830002,432.765022675009,1517.95489935683
"275",64.169998,63.299999,0.344014068115483,63.299999,428.36630295851,1505.35078490727
"274",63.59,63.080002,0.569349992092372,63.080002,427.350106711299,1500.11898930128
"273",63.419998,62.869999,1.27754553301733,62.869999,429.056231406028,1495.12486314209
"272",63.59,63.34,1.82545873778289,63.34,435.170876894907,1506.30205722478
"271",64.360001,63.189999,1.0995931511153,63.189999,431.958015642763,1502.73485143246
"270",63.48,62.5,0.173585295464494,62.5,426.027716643529,1486.32583796256
"269",63.34,62.880001,1.50640700299978,62.880001,429.304845992999,1495.36272283859
"268",65.82,65.769997,3.6045978845364,65.769997,444.441663426517,1564.09033446113
"267",65.800003,65.779999,0.734848438456844,65.779999,447.571527491651,1564.32819415763
"266",66.470001,64.290001,0.941538373319308,64.290001,436.96848631658,1528.89423374303
"265",64.970001,64.5,0.417316866336176,64.5,435.617753852746,1533.88826477737
"264",64.879997,64.190002,1.12218353352971,64.190002,435.821426866545,1526.5161361835
"263",64.879997,64.400002,1.21684715185171,64.400002,437.861179993303,1531.51019099905
"262",65.75,65.599998,1.95379444731879,65.599998,445.397634092628,1560.04755196308
"261",65.580002,64.339996,0.183322642580565,64.339996,437.777000209382,1530.08317550733
"260",64.809998,64.5,0.542970843049496,64.5,438.048665087711,1533.88826477737
"259",65.660004,65.370003,2.08333955223882,65.370003,445.199666525647,1554.57799178545
"258",67.169998,65.720001,2.76927321344441,65.720001,447.651806634232,1562.90136891561
"257",67.480003,67.440002,2.89722620014557,67.440002,460.348243580661,1603.80507975755
"256",68,67.129997,0,67.129997,454.458473684192,1596.43278469519
"255",67.699997,67.599998,0.579407237539961,67.599998,456.416473406141,1607.60997877788
"254",67.919998,67.290001,0.681884089562462,67.290001,455.26631199499,1600.23787396523
"253",68.440002,68.059998,1.27256581022297,68.059998,458.49990184739,1618.54933694529
"252",68.300003,66.449997,0.38213109373705,66.449997,447.785371170987,1580.26155957816
"251",67,66.290001,0.209391262198759,66.290001,443.967877037724,1576.45666055783
"250",66.57,65.290001,0.407235275690696,65.290001,437.204552400411,1552.67544715043
"249",65.559998,62.759998,0.768521388518948,62.759998,421.748504115242,1492.50890588606
"248",65.120003,64.970001,2.69674026178836,64.970001,432.124282197064,1545.06545886006
"247",65.339996,64.870003,3.20643653125199,64.870003,442.772121935306,1542.68738508175
"246",66.589996,66.339996,2.00673563123063,66.339996,449.961722549961,1577.64560232213
"245",68.169998,67.900002,1.54923439070017,67.900002,455.122943936163,1614.74443792496
"244",68.089996,67.169998,0.191284581978883,67.169998,449.832367330467,1597.3840570127
"243",67.940002,67.660004,0.592243106422227,67.660004,450.631615668896,1609.03699426961
"242",67.849998,66.410004,1.22333136242475,66.410004,446.463491653907,1579.31047751036
"241",68.459999,68.419998,2.48502384049293,68.419998,457.290865780849,1627.11057377195
"240",69.959999,69.400002,1.6712702127967,69.400002,461.21185761076,1650.41625803606
"239",69.769997,69.269997,0.0143276945433624,69.269997,457.972234477025,1647.32458138703
"238",71.330002,71.290001,2.27990256036429,71.290001,468.150874536007,1695.36272759483
"237",76.739998,74.980003,1.02685493716239,74.980003,462.111037905127,1783.11545263057
"236",75.669998,75.190002,0.906787595860441,75.190002,463.343523016344,1788.10948366491
"235",75.5,74.919998,0.439007594492696,74.919998,461.802537465778,1781.68846092006
"234",74.919998,73.709999,0.267661934319295,73.709999,455.560279968411,1752.91321647832
"233",75.190002,74.68,1.32058080205608,74.68,458.44552171522,1775.98101726471
"232",74.169998,72.650002,0.229727027027017,72.650002,450.082000939213,1727.70520161011
"231",73.220001,72.360001,1.38465797030382,72.360001,450.95449442106,1720.80862594075
"230",73.879997,73.510002,2.10060251381147,73.510002,458.1214113969,1748.15704514048
"229",73.589996,72.690002,0.53278554096116,72.690002,454.929613052901,1728.65645014641
"228",73.720001,72.470001,2.36046108138548,72.470001,457.772158930711,1723.42455941557
"227",74,73.169998,1.36986301369863,73.169998,458.838191142682,1740.07133745711
"226",73.43,73.059998,0.0408692086956703,73.059998,456.71275768096,1737.45540398229
"225",73.910004,73.440002,0.612585088654854,73.440002,456.588433080638,1746.49236020196
"224",73.330002,72.830002,0.328370520091434,72.830002,454.964267537239,1731.98582002344
"223",74.25,73.769997,1.54540064775435,73.769997,459.008633401305,1754.34004172033
"222",74.379997,74.300003,0.554273346569249,74.300003,461.056406349688,1766.94422751354
"221",74.650002,73.629997,0.444028525296027,73.629997,456.775858670053,1751.0106718433
"220",74.720001,74.589996,0.972974324324319,74.589996,460.417695555349,1773.84061293319
"219",75.580002,75.290001,1.02927953560434,75.290001,463.371871214058,1790.48758122444
"218",75.18,74.809998,0.280110707214757,74.809998,462.382930457476,1779.07252744524
"217",75.190002,74.57,0.360389758686345,74.57,460.222851637209,1773.36508378989
"216",74.730003,74.57,0.524626070735862,74.57,461.646756701287,1773.36508378989
"215",75.279999,75.019997,0.453692275054912,75.019997,462.139543348161,1784.06655847959
"214",75.989998,75.959999,1.31999733333333,75.959999,468.054923341157,1806.42094664497
"213",75.489998,74.629997,0.292282461496573,74.629997,464.075181573155,1774.7918852507
"212",74.43,73.860001,0.58108108108109,73.860001,463.197207771194,1756.48044605185
"211",74.82,74.82,0.699861344554709,74.82,466.438945977442,1779.31038714175
"210",76.699997,76.68,2.25302620309222,76.68,476.823589173484,1823.54344407951
"209",77.480003,75.830002,0.440762256167508,75.830002,468.726136756529,1803.32946024565
"208",76.93,75.949997,1.370405868631,75.949997,469.096707729301,1806.18308694847
"207",77.379997,77.260002,1.68199610202356,77.260002,476.24722115445,1837.33659541823
"206",78.169998,77.889999,1.17783584836044,77.889999,480.130657768723,1852.31868852125
"205",78.169998,76.669998,0.747521626370484,76.669998,474.437665531865,1823.30558438301
"204",77.949997,77.43,1.86879254582301,77.43,480.079846868424,1841.37935413506
"203",78.360001,77.919998,1.59471547755926,77.919998,484.997046062739,1853.03210114226
"202",78.300003,77.480003,0.358890041997823,77.480003,481.640272095014,1842.56848614907
"201",77.25,74.580002,0.129615032284768,74.580002,465.596001619373,1773.6029434864
"200",76.230003,76.080002,3.68608012864853,76.080002,481.808299507873,1809.2747635975
"199",77.25,76.43,1.69826358212564,76.43,484.789478885943,1817.59814072766
"198",77.330002,77,0.729458150167707,77,486.241908726629,1831.15343236988
"197",78.300003,77.910004,1.16279195961778,77.910004,489.445840761856,1852.79443169547
"196",77.529999,76.800003,0.688310389610394,76.800003,488.174571933092,1826.39726103204
"195",78.629997,78.290001,3.01322538940847,78.290001,500.709900738851,1861.83122144664
"194",78.620003,78.540001,0.665819479278345,78.540001,503.530820893738,1867.77652479849
"193",78.940002,77.220001,0.432575074620241,77.220001,494.690222421446,1836.38532310072
"192",78.839996,78.790001,1.61103243258319,78.790001,502.341089426993,1873.72182815034
"191",79.199997,79,1.38248074568046,79,507.999802108717,1878.71585918468
"190",79.709999,79.040001,0.45368747205261,79.040001,506.015196959083,1879.66713150219
"189",78.82,76.550003,0.0507755782022662,76.550003,491.691613822734,1820.45195768019
"188",77.480003,77.080002,1.18845892647251,77.080002,494.966574073914,1833.0559770049
"187",78.059998,77.440002,0.385797315180101,77.440002,492.929674644518,1841.61721383156
"186",77.889999,77.559998,0.906849309318578,77.559998,495.292441883463,1844.4708643156
"185",77.949997,76.290001,1.16806484744717,76.290001,490.407000848292,1814.26879463184
"184",77.709999,77.519997,2.00839984247833,77.519997,499.033200768424,1843.51959199809
"183",77.760002,75.910004,0.621121902447225,75.910004,490.186500474255,1805.23200488067
"182",76.5,72.910004,1.20386830024439,72.910004,472.807270823561,1733.88836465846
"181",74.779999,72.989998,2.11661332309382,72.989998,471.257685894089,1735.79071904377
"180",74.18,73.589996,0.243243243243252,73.589996,468.646638106963,1750.05939952579
"179",73.800003,73.209999,2.94322909908692,73.209999,478.583051332097,1741.02260977462
"178",73.349998,72.629997,3.61632570113962,72.629997,491.022532723245,1727.2294584359
"177",76,75.949997,2.38447653033236,75.949997,502.40008594992,1806.18308694847
"176",77.089996,76.949997,1.97089687753695,76.949997,511.371509648004,1829.96430035587
"175",78.739998,78.690002,1.52140282417234,78.690002,518.821894721355,1871.34373059081
"174",79.849998,78.370003,1.30677239279372,78.370003,515.859850872599,1863.73376608166
"173",80.629997,80.040001,1.57470401516896,80.040001,520.148961201179,1903.44834490959
"172",80.82,80.669998,0.77307110123707,80.669998,523.197222311631,1918.43043801261
"171",80.800003,80.279999,0.0743188029308644,80.279999,520.216417196103,1909.15578856494
"170",81.160004,80.769997,1.22225492641556,80.769997,524.044380846595,1920.80853557214
"169",76.879997,75.860001,1.89529497264262,75.860001,526.892098551934,1804.04287286666
"168",75.349998,74.110001,0.399726832789061,74.110001,520.292770015957,1762.4257494037
"167",75.699997,74.989998,1.02762178032829,74.989998,520.709379192728,1783.35314585858
"166",75.519997,73.879997,0.066246189661515,73.879997,509.739060062164,1756.95597519515
"165",75.769997,75.760002,2.07462473091912,75.760002,520.245596780963,1801.66477530713
"164",76.800003,74.830002,0.379036717317043,74.830002,508.822089007535,1779.54824683825
"163",75.599998,75.260002,0.948055827854926,75.260002,511.335985414438,1789.77416860343
"162",75.860001,75.599998,0.623427518549236,75.599998,512.760312871997,1797.85968603709
"161",75.480003,75,0.159238320604586,75,510.310814159885,1783.59100555508
"160",74.980003,74.610001,0.0400346913956517,74.610001,507.995888976218,1774.3163561074
"159",75.139999,74.720001,1.15778138338424,74.720001,511.00503289316,1776.93228958222
"158",75.239998,74.25,0.66898583540235,74.25,507.654866304881,1765.75509549953
"157",74.93,74.879997,0.888653597225813,74.879997,511.82437594477,1780.73718860255
"156",75.660004,74.239998,1.04167605669108,74.239998,507.449815289001,1765.51723580303
"155",74.800003,74.339996,0.470122248628173,74.339996,506.70005048872,1767.89530958134
"154",74.540001,73.330002,0.716118072797787,73.330002,502.044517114565,1743.87642672714
"153",73.989998,73.599998,1.63460844912327,73.599998,507.561455121684,1750.29725922229
"152",74.5,73.75,0,73.75,502.451776043277,1753.86448879583
"151",74.349998,74.010002,1.10143729804953,74.010002,505.662992170295,1760.04765184418
"150",75.739998,75.629997,2.06171543001908,75.629997,515.338783131508,1798.5730986581
"149",77.779999,77.620003,2.9789488015219,77.620003,529.598814011424,1845.89785602611
"148",78.269997,77.699997,0.772497766769623,77.699997,529.80336448433,1847.80021041142
"147",77.309998,75.099998,0.0647113625495286,75.099998,514.99133553176,1785.96907933339
"146",75.910004,75.459999,0.769948207355674,75.459999,515.880056185785,1794.53033994127
"145",75.730003,74.879997,0.464322119832392,74.879997,512.458193113903,1780.73718860255
"144",75.550003,75.239998,0.962182254117802,75.239998,515.265968120295,1789.29844921043
"143",76.760002,76.360001,1.26648939578538,76.360001,519.072668650577,1815.93347957036
"142",77.25,76.519997,1.40456812811761,76.519997,521.389328536678,1819.73837859069
"141",76.93,76.839996,2.30053599603204,76.839996,532.760046775015,1827.34834309984
"140",77.550003,76.18,1.17416957145024,76.18,529.4932720722,1811.65283737581
"139",78.519997,77.730003,2.61369586828395,77.730003,537.866116574102,1848.51378950092
"138",78.879997,77.830002,2.22912507884266,77.830002,542.536531344588,1850.89188706045
"137",78.580002,76.989998,0.152948000929762,76.989998,532.371743506481,1830.91557267338
"136",77.389999,74.690002,1.57500586494275,74.690002,521.89060957424,1776.21887696121
"135",76.410004,76.110001,1.86642042750512,76.110001,529.543977569632,1809.98817621851
"134",78.400002,78.400002,1.96384838033357,78.400002,539.943418396287,1864.44717870267
"133",80,79.879997,1.58730158730159,79.879997,547.691157354478,1899.64325563955
"132",81.889999,81.449997,2.26023595753656,81.449997,557.060964152433,1936.97976068917
"131",82.169998,80.610001,0.182883449751881,80.610001,547.484595462599,1917.00363655181
"130",81.43,80.769997,0.493645569463728,80.769997,545.727874599385,1920.80853557214
"129",81.279999,80.779999,0.320910898083593,80.779999,544.11131568433,1921.04639526864
"128",80.959999,80.019997,0.583924725653486,80.019997,540.934115176971,1902.97262551659
"127",80.589996,79.220001,0.926735151577587,79.220001,536.666277001707,1883.94774991552
"126",79.800003,78.019997,0.326882067803846,78.019997,526.410621011613,1855.41019870179
"125",78.93,78.449997,0.445403399200727,78.449997,525.539712242934,1865.63612046697
"124",79.25,77.190002,1.62861881397979,77.190002,520.21556653584,1835.67191047971
"123",77.589996,76.150002,0.466131019054865,76.150002,512.940759980747,1810.93944853602
"122",77.360001,76.150002,0.781655789951643,76.150002,508.864498185076,1810.93944853602
"121",78.230003,78.18,1.94162762422798,78.18,518.413180934787,1859.21526419061
"120",78.620003,77.739998,0.53709209221581,77.739998,515.363698147508,1848.75148272893
"119",78,76.720001,0.205554995146712,76.720001,507.948425861179,1824.49471639702
"118",78.080002,76.449997,1.10060723421183,76.449997,502.818258769741,1818.07369365217
"117",77.199997,76.279999,1.02067393406632,76.279999,501.897111749958,1814.03093493534
"116",76.57,74.050003,0.222510465379297,74.050003,486.459184003369,1760.99892416169
"115",75.32,75.18,1.72879387184232,75.18,493.949229597839,1787.87162396841
"114",76.309998,76.239998,0.779182504236888,76.239998,497.341360001313,1813.07966261783
"113",77.300003,76.739998,1.49684734785466,76.739998,501.128846734542,1824.97026932153
"112",77.75,77.650002,0.751590015591302,77.650002,504.245911101292,1846.61126864712
"111",78.190002,77.830002,0.695428185565283,77.830002,505.414800498078,1850.89188706045
"110",78.470001,77.5,0.628363658821608,77.5,502.303738544368,1843.04403907358
"109",76.879997,75.779999,0.221611266088019,75.779999,496.214017739571,1802.14032823164
"108",77.639999,76.239998,0.962284760408722,76.239998,491.955198129083,1813.07966261783
"107",78.019997,78,1.52244506239285,78,499.316934973355,1854.93464577728
"106",78.160004,75.910004,0.205133333333334,75.910004,485.937827321732,1805.23200488067
"105",76.139999,74.989998,0.0394140055260362,74.989998,478.786969126187,1783.35314585858
"104",75.580002,75.400002,0.518685981681448,75.400002,480.124184990558,1793.10353848046
"103",76.349998,75.629997,1.67798916915643,75.629997,483.576942399402,1798.5730986581
"102",75.980003,75.610001,0.356629247875172,75.610001,482.938232483608,1798.09756951481
"101",75.699997,74.470001,0.0264230972515716,74.470001,475.216842706032,1770.98698623037
"100",74.830002,74.440002,1.05334094314622,74.440002,477.719666283751,1770.27357360936
"99",75.339996,75.190002,0.654639964051836,75.190002,479.889694363313,1788.10948366491
"98",76.75,76.510002,2.21068596141622,76.510002,488.964754712684,1819.50068536268
"97",76.870003,76.230003,0.0130132707128121,76.230003,484.956859662833,1812.84196938982
"96",76.480003,75.739998,0.0261626997928683,75.739998,480.39016559429,1801.18905591413
"95",76.910004,75.599998,2.13811545266472,75.599998,482.304038661831,1797.85968603709
"94",76.900002,76.709999,1.264155879269,76.709999,487.194381736321,1824.25685670052
"93",79.839996,79.419998,3.70177695029944,79.419998,502.571474584398,1888.70392125336
"92",80.339996,79.900002,0.993077272416942,79.900002,504.782656317893,1900.11899881377
"91",80.190002,78.839996,0.2876475773843,78.839996,497.712144855981,1874.91076991464
"90",79.480003,78.449997,1.24841146496815,78.449997,497.39511173013,1865.63612046697
"89",80.199997,79.559998,2.16560127388535,79.559998,504.111517126866,1892.0332911304
"88",81.370003,80.410004,1.86530552824131,80.410004,507.456317363374,1912.24746521397
"87",81.230003,78.970001,0.681709221616249,78.970001,496.700866257337,1878.00244656367
"86",79.860001,79.75,1.08860886075949,79.75,501.416380810413,1896.55176924023
"85",79.699997,79.599998,0.113046098316214,79.599998,501.353377820911,1892.9845396667
"84",81.150002,80.900002,2.33291163936021,80.900002,511.468949987536,1923.90021222117
"83",81.989998,81.209999,0.935608730680465,81.209999,511.342993758339,1931.27231703382
"82",81.330002,80.010002,0.531520382409888,80.010002,505.71758889809,1902.73493228858
"81",79.910004,79.440002,0.288659638554209,79.440002,504.194355842112,1889.17964064636
"80",79.260002,77.550003,0.968155414012739,77.550003,498.092659976291,1844.23317108759
"79",78.43,77.57,0.809764750266145,77.57,496.620130392037,1844.7087240121
"78",79.050003,78.93,1.21639567775662,78.93,501.897924399991,1877.05117424616
"77",79.379997,78.050003,0.992365165200136,78.050003,498.385947861132,1856.12377779129
"76",78.120003,78.07,0.205238586521789,78.07,499.089166862593,1856.5993307158
"75",79.779999,79.360001,1.81214648019212,79.360001,505.458349615189,1887.27711979256
"74",81.239998,80.910004,2.51103848580442,80.910004,516.045893870011,1924.13807191767
"73",83,82.75,2.31755045669809,82.75,526.415139774383,1967.89540946244
"72",84.599998,83.800003,1.45101212916431,83.800003,529.00336756616,1992.86575488385
"71",84.959999,84.43,1.23927672162242,84.43,532.218248189316,2007.84784798687
"70",86.07,85.309998,1.60547871096067,85.309998,535.987937959886,2028.77526822296
"69",85.519997,82.919998,0.0233883040935715,82.919998,519.814254311788,1971.93816817927
"68",83.769997,83.010002,1.26933750883297,83.010002,521.636626794166,1974.07857251079
"67",83.949997,83.300003,0.683617198978783,83.300003,521.136173426151,1980.97514818015
"66",84.339996,83.199997,0.63238039929318,83.199997,517.343146406557,1978.59688415213
"65",83.5,82.220001,0.723761140560647,82.220001,513.099553542716,1955.29139013773
"64",82.720001,81.669998,0.266667878787874,81.669998,507.937448625873,1942.21165142002
"63",82.559998,81.559998,0.376897264437682,81.559998,503.676319684514,1939.5957179452
"62",82.809998,82.440002,2.48761748189538,82.440002,513.899446292644,1960.52328086857
"61",83.419998,82.32,0.931634581206655,82.32,511.847566789054,1957.66948769725
"60",83.099998,82.279999,0.568801908585324,82.279999,509.679520907592,1956.71821537974
"59",82.800003,82.169998,0.363640000000005,82.169998,507.640790468095,1954.10225812372
"58",82.610001,82.040001,0.486561251509078,82.040001,506.591065128748,1951.01077172439
"57",83.940002,83.010002,2.45331624557549,83.010002,513.268953124856,1974.07857251079
"56",83.690002,83.519997,0.625230266327546,83.519997,515.428910136335,1986.20687244249
"55",83.660004,82.709999,0.131658882166643,82.709999,510.246835562021,1966.94413714493
"54",83.07,82.309998,0.727536064901948,82.309998,509.256887417963,1957.43162800075
"53",82.110001,80.779999,0.773193393230484,80.779999,504.881803408453,1921.04639526864
"52",83.150002,83.089996,1.97449224951567,83.089996,514.479108550429,1975.9809268961
"51",84.489998,83.620003,0.583330952380952,83.620003,512.151721433622,1988.58513647051
"50",84.739998,84.629997,0.498100094876668,84.629997,514.03461395247,2012.60401932471
"49",85.589996,82.410004,1.77169802073004,82.410004,503.705060634621,1959.80989202877
"48",82.940002,81.529999,0.205394474038707,81.529999,496.158929301829,1938.88230532419
"47",82.93,81.910004,1.2947318445805,81.910004,496.40134841266,1947.91928532507
"46",81.900002,80.68,0.0855431972248921,80.68,489.425147391948,1918.66829770912
"45",81.389999,80.470001,1.72478060930433,80.470001,492.238984071706,1913.67426667477
"44",80.959999,78.769997,1.18734780184107,78.769997,484.610202842032,1873.24610875734
"43",79.760002,78.989998,0.656239289657731,78.989998,483.081271068074,1878.47799948818
"42",79.690002,78.809998,0.453800568415465,78.809998,479.914698687546,1874.19738107485
"41",78.800003,77.559998,0.318268606558806,77.559998,473.866093555422,1844.4708643156
"40",78.809998,78.099998,1.07733357602496,78.099998,474.656156012442,1857.31271955559
"39",78.940002,78.43,1.20513076923078,78.43,477.272850205844,1865.16056754246
"38",79.230003,78.510002,0.164355250679017,78.510002,473.712937694467,1867.06311217748
"37",79.029999,78.010002,0.700810370764139,78.010002,470.875965906516,1855.17250547378
"36",77.889999,77.459999,0.0256786942720499,77.459999,468.396692475314,1842.09276675607
"35",78.529999,78.440002,1.04220019245755,78.440002,472.735936976596,1865.39842723896
"34",81.849998,81.370003,3.68633889824324,81.370003,487.288112939159,1935.07740630386
"33",81.519997,80.419998,0.135109930715644,80.419998,481.362328246427,1912.48513466076
"32",81.379997,80.879997,1.30710192189463,80.879997,484.658069154337,1923.42446904696
"31",81.690002,80.629997,0.541540923076932,80.629997,480.959737377723,1917.47916569511
"30",81.099998,80.550003,0.782896721972208,80.550003,481.437899928134,1915.57681130979
"29",80.919998,80.480003,0.91033293651743,80.480003,483.178983217009,1913.91212637128
"28",81.309998,80.540001,1.19477289843865,80.540001,484.3215527084,1915.33895161329
"27",80.599998,79.330002,0.211361432301371,79.330002,477.697746425469,1886.56370717155
"26",80.660004,80.550003,1.33166586260467,80.550003,483.398943146516,1915.57681130979
"25",81.07,80.150002,1.02180685358255,80.150002,482.796588909547,1906.06430216562
"24",80.07,79.190002,0.150097566607785,79.190002,478.207182938859,1883.23433729451
"23",80.379997,80.290001,1.36190915402613,80.290001,484.177222494786,1909.39364826144
"22",81.349998,80.440002,1.99347537629199,80.440002,488.305112452668,1912.96085405377
"21",82.529999,82.440002,1.45052369884509,82.440002,494.847884903552,1960.52328086857
"20",82.949997,82.050003,0.986118833529561,82.050003,494.305708974748,1951.24863142089
"19",82.459999,82.139999,0.720649784268359,82.139999,495.935861158819,1953.38884550271
"18",82,80.669998,0.219995111219759,80.669998,488.965349887682,1918.43043801261
"17",81.190002,80.669998,0.73201490650162,80.669998,489.390009631373,1918.43043801261
"16",82.599998,82.160004,2.18977601905786,82.160004,497.442585104398,1953.86458867692
"15",82.900002,81.830002,0.716807209738977,81.830002,494.541716961019,1946.01674069005
"14",82.089996,81.529999,0.884838359905188,81.529999,495.514123174976,1938.88230532419
"13",80.93,80.709999,0.471752930909268,80.709999,496.498359980672,1919.38171033012
"12",81.510002,81.059998,0.853751546646878,81.059998,497.97273035185,1927.7051112415
"11",82.220001,81.790001,0.562621072342924,81.790001,498.155444192021,1945.06546837254
"10",83.190002,82.910004,1.89858282580332,82.910004,505.904830677206,1971.70049873247
"9",82.980003,82.510002,0.181095009511154,82.510002,503.950351117774,1962.18796580709
"8",84.970001,84.739998,1.87027565662267,84.739998,511.985969282767,2015.21997658074
"7",87.970001,87.879997,3.54284608689791,87.879997,529.582462031475,2089.89296289876
"6",89.25,88.860001,1.81382150062416,88.860001,536.83203237932,2113.19864716287
"5",89.400002,87.980003,0.156845167895023,87.980003,529.133797456431,2092.27122692678
"4",88.339996,88.010002,0.249651602939689,88.010002,528.473274931778,2092.98463954779
"3",87.5,85.800003,1.02759379947358,85.800003,523.530863076268,2040.42818169865
"2",86.699997,85.769997,0.115472289040927,85.769997,518.513182361262,2039.71460260915
"1",87.949997,86.910004,1.3599170690302,86.910004,519.349824952396,2066.82535236208
